,
Theme: Population,
Subject: Population and Population Structure,
Topic: Key Annual Indicators on Population,
"Table Title: Singapore Residents By Single Year Of Age And Sex, At End June, Annual",
,
Data last updated: 29/09/2025,
Source: SINGAPORE DEPARTMENT OF STATISTICS,
,
,Number
Data Series,2023 
Singapore Residents,4149253
  0 Year,30052
  1 Year,34223
  2 Year,34813
  3 Year,38149
  4 Year,38031
  5 Year,38518
  6 Year,39702
  7 Year,41554
  8 Year,41975
  9 Year,40225
  10 Year,41950
  11 Year,41099
  12 Year,38758
  13 Year,40828
  14 Year,41824
  15 Year,43564
  16 Year,41942
  17 Year,41570
  18 Year,41397
  19 Year,41106
  20 Year,43160
  21 Year,43626
  22 Year,48455
  23 Year,47601
  24 Year,46224
  25 Year,50511
  26 Year,52905
  27 Year,55709
  28 Year,57980
  29 Year,60784
  30 Year,61854
  31 Year,62356
  32 Year,65929
  33 Year,63904
  34 Year,69584
  35 Year,64345
  36 Year,56688
  37 Year,58725
  38 Year,61057
  39 Year,59222
  40 Year,62958
  41 Year,63028
  42 Year,62254
  43 Year,60992
  44 Year,60941
  45 Year,58562
  46 Year,61938
  47 Year,59497
  48 Year,60074
  49 Year,62444
  50 Year,64841
  51 Year,62362
  52 Year,61005
  53 Year,57284
  54 Year,56875
  55 Year,58701
  56 Year,58473
  57 Year,61326
  58 Year,60294
  59 Year,61874
  60 Year,60346
  61 Year,58987
  62 Year,58926
  63 Year,58202
  64 Year,57327
  65 Year,55569
  66 Year,54462
  67 Year,51984
  68 Year,49309
  69 Year,47717
  70 Year,44118
  71 Year,41299
  72 Year,38458
  73 Year,38092
  74 Year,35923
  75 Year,33193
  76 Year,32051
  77 Year,20959
  78 Year,15834
  79 Year,18966
  80 Year,15595
  81 Year,14994
  82 Year,16480
  83 Year,15268
  84 Year,13828
  85 Year,10535
  86 Year,8049
  87 Year,7566
  88 Year,7727
  89 Year,6139
  65 Years & Over,717843
  70 Years & Over,458802
  75 Years & Over,260912
  80 Years & Over,139909
  85 Years & Over,63744
  90 Years & Over,23728
Singapore Male Residents,2021902
  0 Year,15584
  1 Year,17473
  2 Year,17811
  3 Year,19461
  4 Year,19300
  5 Year,19729
  6 Year,20284
  7 Year,21310
  8 Year,21428
  9 Year,20498
  10 Year,21640
  11 Year,20933
  12 Year,19766
  13 Year,20677
  14 Year,21319
  15 Year,22002
  16 Year,21388
  17 Year,21100
  18 Year,21008
  19 Year,20963
  20 Year,21871
  21 Year,22316
  22 Year,24785
  23 Year,24315
  24 Year,23610
  25 Year,25438
  26 Year,26601
  27 Year,27776
  28 Year,28791
  29 Year,29905
  30 Year,30391
  31 Year,29956
  32 Year,32006
  33 Year,30761
  34 Year,33326
  35 Year,30657
  36 Year,26615
  37 Year,27828
  38 Year,28700
  39 Year,27780
  40 Year,29625
  41 Year,29878
  42 Year,29357
  43 Year,28990
  44 Year,28827
  45 Year,27890
  46 Year,29620
  47 Year,28545
  48 Year,29066
  49 Year,30176
  50 Year,31649
  51 Year,30407
  52 Year,29608
  53 Year,27714
  54 Year,27382
  55 Year,28909
  56 Year,28817
  57 Year,30436
  58 Year,30028
  59 Year,30791
  60 Year,29972
  61 Year,29321
  62 Year,29410
  63 Year,28905
  64 Year,28475
  65 Year,27377
  66 Year,26732
  67 Year,25394
  68 Year,23934
  69 Year,23455
  70 Year,21506
  71 Year,19780
  72 Year,18467
  73 Year,18089
  74 Year,17007
  75 Year,15348
  76 Year,14714
  77 Year,9564
  78 Year,7098
  79 Year,8442
  80 Year,6905
  81 Year,6239
  82 Year,6830
  83 Year,6196
  84 Year,5481
  85 Year,4242
  86 Year,3195
  87 Year,2861
  88 Year,2772
  89 Year,2110
  65 Years & Over,331002
  70 Years & Over,204110
  75 Years & Over,109261
  80 Years & Over,54095
  85 Years & Over,22444
  90 Years & Over,7264
Singapore Female Residents,2127351
  0 Year,14468
  1 Year,16750
  2 Year,17002
  3 Year,18688
  4 Year,18731
  5 Year,18789
  6 Year,19418
  7 Year,20244
  8 Year,20547
  9 Year,19727
  10 Year,20310
  11 Year,20166
  12 Year,18992
  13 Year,20151
  14 Year,20505
  15 Year,21562
  16 Year,20554
  17 Year,20470
  18 Year,20389
  19 Year,20143
  20 Year,21289
  21 Year,21310
  22 Year,23670
  23 Year,23286
  24 Year,22614
  25 Year,25073
  26 Year,26304
  27 Year,27933
  28 Year,29189
  29 Year,30879
  30 Year,31463
  31 Year,32400
  32 Year,33923
  33 Year,33143
  34 Year,36258
  35 Year,33688
  36 Year,30073
  37 Year,30897
  38 Year,32357
  39 Year,31442
  40 Year,33333
  41 Year,33150
  42 Year,32897
  43 Year,32002
  44 Year,32114
  45 Year,30672
  46 Year,32318
  47 Year,30952
  48 Year,31008
  49 Year,32268
  50 Year,33192
  51 Year,31955
  52 Year,31397
  53 Year,29570
  54 Year,29493
  55 Year,29792
  56 Year,29656
  57 Year,30890
  58 Year,30266
  59 Year,31083
  60 Year,30374
  61 Year,29666
  62 Year,29516
  63 Year,29297
  64 Year,28852
  65 Year,28192
  66 Year,27730
  67 Year,26590
  68 Year,25375
  69 Year,24262
  70 Year,22612
  71 Year,21519
  72 Year,19991
  73 Year,20003
  74 Year,18916
  75 Year,17845
  76 Year,17337
  77 Year,11395
  78 Year,8736
  79 Year,10524
  80 Year,8690
  81 Year,8755
  82 Year,9650
  83 Year,9072
  84 Year,8347
  85 Year,6293
  86 Year,4854
  87 Year,4705
  88 Year,4955
  89 Year,4029
  65 Years & Over,386841
  70 Years & Over,254692
  75 Years & Over,151651
  80 Years & Over,85814
  85 Years & Over,41300
  90 Years & Over,16464
,
Definitions and Footnotes:,
"Data refer to Singapore residents (citizens and permanent residents).  Data from 2003 onwards exclude residents who are overseas for a continuous period of 12 months or longer as at the reference period.  For more information, please refer to the 'Population Trends' publication (https://www.singstat.gov.sg/publication-resources/population-trends-2025) and the Information Paper on 'Singapore Resident Population, 2003-2007' (https://www.singstat.gov.sg/publication-resources/singapore-resident-population-2003-2007). ",
,
Singapore Residents:,
Singapore residents comprises Singapore citizens and permanent residents. The latter group refers to non-citizens who have been granted permanent residence in Singapore.,
,
Notation:,
na   not available or not applicable,
nec  not elsewhere classified,
nes  not elsewhere specified,
 -     nil or negligible or not significant,
Notes,
Numbers may not add up to the totals due to rounding.,
"Data are the latest available at the time of access or download. Some statistics, particularly those for the most recent time periods, are provisional and may be subject to revision at a later date.",
Values are shown in Singapore dollars (unless otherwise specified).,
,
Generated by: SingStat Table Builder,
Date generated: 23/07/2026,
Contact: info@singstat.gov.sg,